"fpr","tpr","fpr2","fpr_ci","tpr2","tpr_ci","u","l"
0,0,0.00253122654319426,0.00253122654319426,0.00253122654319426,0.00253122654319426,0.022377096584634,0
0.00115222122647548,0,0.00367761470376557,0.00349341625589655,0.00253122654319426,0.00253122654319426,0.0258410172287587,0
0.00128024580719498,0,0.00380499116605127,0.00358430271544721,0.00253122654319426,0.00253122654319426,0.0260987401089049,0
0.00153629496863398,0.000128024580719498,0.00405974409062267,0.00375942392711472,0.00265860300547996,0.00265553433842784,0.0266843371851208,0
0.00192036871079247,0.000640122903597491,0.00444187347747978,0.00400762939902941,0.00316810885462276,0.00310310018534653,0.0273392289708173,0
0.00204839329151197,0.00140827038791448,0.00456924993976548,0.00408697584511652,0.00393236762833697,0.00367291841250193,0.0274365010187734,0
0.00230444245295097,0.00320061451798745,0.00482400286433688,0.00424115933979951,0.00571563810033679,0.0047409329285473,0.0276310451146857,0
0.00281654077582896,0.00576110613237742,0.00533350871347968,0.00453360487898718,0.00826316734605081,0.00593781233107608,0.0280775111279046,4.33680868994202e-19
0.00307258993726796,0.00780949942388939,0.00558826163805109,0.00467286345456202,0.010301190742622,0.00674054892251435,0.0283478776566894,4.33680868994202e-19
0.00358468826014595,0.00857764690820638,0.00609776748719389,0.00493941604611249,0.0110654495163362,0.00701716621572203,0.0316503422299487,4.33680868994202e-19
0.00409678658302394,0.00921776981180387,0.00660727333633669,0.00519204845192551,0.0117023318277647,0.00723929780946515,0.0324689682242133,4.33680868994202e-19
0.00435283574446294,0.0102419664575599,0.0068620262609081,0.00531376933936895,0.0127213435260503,0.0075806163846194,0.0329336522819251,4.33680868994202e-19
0.00460888490590193,0.0106260401997183,0.0071167791854795,0.00543270297518897,0.0131034729129075,0.00770453680978945,0.0334416192996936,4.33680868994202e-19
0.00473690948662143,0.0108820893611573,0.0072441556477652,0.0054911813359087,0.0133582258374789,0.00778600177828744,0.0336956028085779,4.33680868994202e-19
0.00486493406734093,0.0110101139418768,0.0073715321100509,0.00554902858174029,0.0134856022997646,0.00782640045905158,0.0339903346348514,4.33680868994202e-19
0.00576110613237742,0.0116502368454743,0.00826316734605081,0.00593781233107608,0.0141224846111931,0.00802518970269137,0.0370229103774762,4.66983648239104e-05
0.00627320445525541,0.0119062860069133,0.00877267319519361,0.00614865221370563,0.0143772375357645,0.00810326873805963,0.0382576331629951,0.000463123185330631
0.0067853027781334,0.0129304826526693,0.00928217904433642,0.00635229022086299,0.0153962492340501,0.00840794491815207,0.0410866172815694,0.00134020583111865
0.0071693765202919,0.0135706055562668,0.00966430843119352,0.00650070055056352,0.0160331315454786,0.00859257121648894,0.0427940876803527,0.00198378972403952
0.00768147484316989,0.0142107284598643,0.0101738142803363,0.00669329153490268,0.0166700138569071,0.00877307783634268,0.0437028309611547,0.00328690896126747
0.00819357316604788,0.0147228267827423,0.0106833201294791,0.00688030186352599,0.0171795197060499,0.00891468532428402,0.0447299887229652,0.0038259308783079
0.00896172065036487,0.0156189988477788,0.0114475789031933,0.00715130782964234,0.0180711549420498,0.00915688359559525,0.0467715206000828,0.00427161781123424
0.0102419664575599,0.0161310971706568,0.0127213435260503,0.0075806163846194,0.0185806607911926,0.0092922533353775,0.0504944335057276,0.00555917679127136
0.0111381385225963,0.0166431954935348,0.0136129787620503,0.00786658118176657,0.0190901666403354,0.00942553898476491,0.0564653561196795,0.00589611144613608
0.0112661631033158,0.0188196133657662,0.013740355224336,0.00790654726939253,0.0212555664991923,0.00997067042382483,0.0570305786979553,0.00593969307509185
0.0125464089105108,0.0199718345922417,0.015014119847193,0.00829507751667388,0.0224019546597636,0.010246593453757,0.0606284782267638,0.00636691829531095
0.0134425809755473,0.0209960312379977,0.0159057550831929,0.00855598397952077,0.0234209663580492,0.0104852293937012,0.0621290590320682,0.00721956059817993
0.0139546792984253,0.0221482524644732,0.0164152609323357,0.00870135301018694,0.0245673545186206,0.0107467754375163,0.0639262911825868,0.00760322864134601
0.0144667776213033,0.0233004736909487,0.0169247667814785,0.00884418367046382,0.0257137426791919,0.0110014978641496,0.0652996271881377,0.00792739242008816
0.0147228267827423,0.0235565228523877,0.0171795197060499,0.00891468532428402,0.0259684956037633,0.011057223869481,0.0659044011895677,0.00806195237210778
0.0153629496863398,0.0244526949174241,0.0178164020174784,0.00908838814587638,0.0268601308397632,0.0112498601897974,0.0667445715998498,0.00842340704971428
0.0160030725899373,0.0257329407246191,0.0184532843289069,0.0092586098307222,0.0281338954626202,0.0115188589802117,0.0675972063819962,0.00882293279350203
0.0161310971706568,0.0270131865318141,0.0185806607911926,0.0092922533353775,0.0294076600854772,0.0117810168964896,0.0677790838898643,0.00890283794225958
0.0162591217513763,0.0281654077582896,0.0187080372534783,0.00932576661674825,0.0305540482460485,0.0120114805258604,0.0679609613977323,0.00893824985287424
0.0167712200742543,0.0284214569197286,0.0192175431026211,0.00945854511298008,0.0308088011706199,0.0120620214103193,0.0686732740551385,0.0090501795917579
0.0177954167200102,0.0297017027269236,0.0202365548009067,0.00971825373714509,0.0320825657934769,0.0123112117315239,0.069877006360621,0.00927403906952523
0.0186915887850467,0.0303418256305211,0.0211281900369066,0.00993949797327022,0.0327194481049054,0.0124336852770457,0.0717629327319418,0.00955237183623894
0.0186915887850467,0.0308539239533991,0.0211281900369066,0.00993949797327022,0.0332289539540482,0.0125306836925842,0.0717629327319418,0.00955237183623894
0.0189476379464857,0.031622071437716,0.021382942961478,0.0100017374655787,0.0339932127277624,0.0126745941494811,0.0722985699641446,0.0096337604176526
0.0197157854308027,0.032390218922033,0.0221472017351922,0.010185979913485,0.0347574715014766,0.0128166569721644,0.0735934187107985,0.0115468791040122
0.0202278837536807,0.033414415567789,0.022656707584335,0.0103068184991764,0.0357764831997623,0.0130033045247162,0.07435757682517,0.0118136831972587
0.0208680066572782,0.0353347842785815,0.0232935898957635,0.0104557253966319,0.0376871301340478,0.0133451679734365,0.0754920564171344,0.0121471883138167
0.0213801049801562,0.0373831775700935,0.0238030957449063,0.0105732005743021,0.039725153530619,0.0136989286417318,0.076549138018443,0.0124897754176859
0.0218922033030342,0.0400716937652029,0.0243126015940492,0.0106892612204029,0.0424000592386187,0.0141475569937434,0.0774863280110836,0.0128347573075403
0.0224043016259122,0.0414799641531174,0.024822107443192,0.0108039529215252,0.0438012003237614,0.0143759562041715,0.0784199309317827,0.0134226530614924
0.0231724491102292,0.0430162591217514,0.0255863662169062,0.0109735174564641,0.0453297178711898,0.0146202711772587,0.0801788632594368,0.0144626740741928
0.0240686211752657,0.0440404557675074,0.0264780014529061,0.0111677530089488,0.0463487295694754,0.0147804576665545,0.0812999607599677,0.015242234235681
0.0249647932403021,0.0450646524132633,0.027369636688906,0.0113583114404031,0.0473677412677611,0.0149385729346811,0.0831034032109035,0.0161889592803772
0.0254768915631801,0.0464729228011778,0.0278791425380488,0.0114656217233665,0.0487688823529038,0.0151527184689516,0.0848544435011725,0.0176621007311161
0.0263730636282166,0.0481372423505313,0.0287707777740487,0.011650763903561,0.0504247763626179,0.0154011251710772,0.0864327179492172,0.0188226497425921
0.0279093585968506,0.0495455127384458,0.0302992953214771,0.0119606984705316,0.0518259174477606,0.0156075296940982,0.0886781391119949,0.019930586957852
0.0289335552426066,0.0505697093842018,0.0313183070197627,0.0121623916785295,0.0528449291460462,0.0157555456199163,0.0897437814615967,0.0211023542396152
0.0304698502112406,0.0518499551913967,0.0328468245671911,0.0124580156241861,0.0541186937689032,0.0159381664930966,0.0934014585558648,0.0226190753744223
0.0312379976955575,0.0531302009985917,0.0336110833409053,0.0126028738121163,0.0553924583917602,0.0161182062753713,0.0954539063329858,0.0240659899275705
0.0320061451798745,0.0542824222250672,0.0343753421146195,0.0127458526350101,0.0565388465523315,0.0162781060557152,0.0981734899246461,0.0260236616036272
0.033670464729228,0.0560747663551402,0.0360312361243336,0.0130494860288416,0.0583221170243313,0.0165229593513034,0.102054714662031,0.0299824456252052
0.034694661374984,0.0576110613237742,0.0370502478226193,0.013232350865662,0.0598506345717598,0.016729211806484,0.103611714921218,0.0310972802165067
0.036230956343618,0.0596594546152861,0.0385787653700477,0.0135012714936998,0.061888657968331,0.0169992352455384,0.1049475547266,0.0323104918810253
0.0371271284086545,0.0613237741646396,0.0394704006060476,0.0136552944040283,0.0635445519780451,0.0172146070559284,0.105808978033747,0.0337803868308512
0.0384073742158494,0.0620919216489566,0.0407441652289046,0.0138718551106509,0.0643088107517593,0.0173128340246637,0.108246122300729,0.035233311345055
0.0390474971194469,0.0635001920368711,0.0413810475403331,0.0139786559460665,0.065709951836902,0.0174910428966604,0.109201655807909,0.0356471957085762
0.0399436691844834,0.065804634489822,0.042272682776333,0.0141265752545463,0.0680027281580446,0.0177775927411979,0.110902069270288,0.0362274415812062
0.0410958904109589,0.0667008065548585,0.0434190709369043,0.0143140961530821,0.0688943633940445,0.0178873853318057,0.11293766968417,0.0370454109662104
0.0419920624759954,0.068109076942773,0.0443107061729042,0.014457944622805,0.0702955044791873,0.0180581153520912,0.114951833801672,0.0375858677470859
0.0434003328639099,0.06887722442709,0.0457118472580469,0.0146805881165628,0.0710597632529015,0.0181503319788875,0.116673138495595,0.038670182356385
0.0440404557675074,0.0697733964921265,0.0463487295694754,0.0147804576665545,0.0719513984889014,0.0182571236176255,0.117056811531561,0.0394207974351719
0.0441684803482269,0.0713096914607605,0.0464761060317611,0.0148003339752703,0.0734799160363298,0.0184382456704884,0.117252897475559,0.0395593007340091
0.0450646524132633,0.0720778389450775,0.0473677412677611,0.0149385729346811,0.074244174810044,0.0185279021416269,0.118649148906087,0.0404543031881058
0.0459608244782998,0.0731020355908334,0.048259376503761,0.0150752760000199,0.0752631865083296,0.0186465256127036,0.12081409244567,0.0411543224680986
0.0464729228011778,0.0745103059787479,0.0487688823529038,0.0151527184689516,0.0766643275934723,0.0188079526517264,0.121433807154093,0.0415543334852374
0.0473690948662143,0.0769427730124184,0.0496605175889037,0.0152870909160696,0.0790844803769006,0.0190823322315556,0.122151553063303,0.0424370295699451
0.0477531686083728,0.0779669696581744,0.0500426469757608,0.015344238189007,0.0801034920751862,0.0191962227948823,0.122457589928234,0.0428574357715843
0.0487773652541288,0.0795032646268083,0.0510616586740464,0.0154953661640354,0.0816320096226147,0.019365291262352,0.123267376873604,0.0438877234038936
0.0498015618998848,0.0812956087568813,0.052080670372332,0.0156446966244102,0.0834152800946145,0.0195599228289912,0.123978506010814,0.0448902954584785
0.0510818077070798,0.0823198054026373,0.053354434995189,0.0158289093892859,0.0844342917929001,0.019669906896915,0.125538591042764,0.0464321696526116
0.0519779797721162,0.0828319037255153,0.0542460702311889,0.0159562851689966,0.0849437976420429,0.019724568507836,0.126368719306336,0.0468306446794187
0.0535142747407502,0.0839841249519908,0.0557745877786173,0.0161717278174365,0.0860901858026142,0.0198467633690535,0.128146229860552,0.0490195902091512
0.0545384713865062,0.0857764690820638,0.0567935994769029,0.0163133708329661,0.087873456274614,0.0200346995908347,0.129952448628289,0.0504562703336102
0.0554346434515427,0.0866726411471002,0.0576852347129028,0.0164360435041838,0.0887650915106139,0.0201277082112942,0.131278878085713,0.0509788835109326
0.0562027909358597,0.0880809115350147,0.0584494934866171,0.0165402727403542,0.0901662325957566,0.0202725993652975,0.131785018055285,0.0518581512092353
0.0573550121623352,0.0892331327614902,0.0595958816471884,0.0166950627964269,0.091312620756328,0.0203900164987235,0.13323280610364,0.0525797584318971
0.0583792088080912,0.0911535014722827,0.060614893345474,0.0168311254137477,0.0932232676906135,0.0205835014674418,0.134907061036922,0.0531464102668543
0.0592753808731276,0.0926897964409167,0.0615065285814739,0.0169490285183812,0.0947517852380419,0.0207363447285913,0.136079502655467,0.0551923861355994
0.0599155037767251,0.0934579439252336,0.0621434108929024,0.0170325999442342,0.0955160440117561,0.020812131240716,0.136809166434389,0.0556095655111716
0.0613237741646396,0.0940980668288311,0.0635445519780451,0.0172146070559284,0.0961529263231846,0.0208749677361539,0.138660477848264,0.0570599969075124
0.0624759953911151,0.0955063372167456,0.0646909401386164,0.0173616749168225,0.0975540674083273,0.0210122008592607,0.140688857797227,0.05946535674329
0.0633721674561516,0.0970426321853796,0.0655825753746163,0.0174749408092309,0.0990825849557557,0.0211603563317254,0.142940800243892,0.0611346189564174
0.0636282166175906,0.0978107796696966,0.0658373282991877,0.0175071254587794,0.0998468437294699,0.0212338364811882,0.143586493162674,0.061430586725756
0.0654205607476635,0.0989630008961721,0.0676205987711875,0.0177302608075913,0.100993231890041,0.0213433213023823,0.146996540057054,0.0637128999572671
0.066828831135578,0.0998591729612086,0.0690217398563302,0.0179029965780441,0.101884867126041,0.0214278736696575,0.150713379496851,0.064663626830386
0.0677250032006145,0.100243246703367,0.0699133750923302,0.0180117681154944,0.102266996512898,0.021463950744116,0.152986505484105,0.0650902403146936
0.06887722442709,0.101523492510562,0.0710597632529015,0.0181503319788875,0.103540761135755,0.0215835235276426,0.155993447317443,0.0657227677927413
0.070413519395724,0.102675713737038,0.0725882808003299,0.0183328874104826,0.104687149296327,0.0216902500365449,0.158790558221788,0.0671258115417423
0.071693765202919,0.103571885802074,0.0738620454231869,0.0184831483677103,0.105578784532326,0.0217726855277529,0.160844573517845,0.0684332734749202
0.0727179618486749,0.105236205351427,0.0748810571214725,0.0186021637418848,0.107234678542041,0.0219244682138668,0.162061664249114,0.0697363877593154
0.0742542568173089,0.10715657406222,0.0764095746689009,0.0187787450623722,0.109145325476326,0.022097522144534,0.164583027593121,0.0710989628763312
0.0759185763666624,0.108052746127256,0.078065468678615,0.0189674792778564,0.110036960712326,0.0221775319051617,0.168264112052948,0.0734838761409904
0.0770707975931379,0.109973114838049,0.0792118568391863,0.0190966208281756,0.111947607646612,0.0223474073115841,0.171524111893003,0.0747169104471501
0.0779669696581744,0.110869286903085,0.0801034920751862,0.0191962227948823,0.112839242882611,0.0224259586880004,0.172429128359624,0.0750402152885024
0.0791191908846499,0.11214953271028,0.0812498802357576,0.0193232205038493,0.114113007505468,0.0225373886695684,0.174779722444484,0.075757469620867
0.0803994366918448,0.112917680194597,0.0825236448586146,0.0194629542611737,0.114877266279183,0.0226038076823435,0.176617425708461,0.0771888870947706
0.0812956087568813,0.11471002432467,0.0834152800946145,0.0195599228289912,0.116660536751182,0.0227575237000387,0.177878782066435,0.078649610045295
0.0823198054026373,0.115990270131865,0.0844342917929001,0.019669906896915,0.117934301374039,0.0228662549820727,0.180602019,0.0791762316399181
0.0830879528869543,0.117654589681219,0.0851985505666143,0.0197518175088629,0.119590195383754,0.0230063009734676,0.182578838659961,0.0795711978358853
0.0844962232748688,0.120599155037767,0.086599691651757,0.0199007235042035,0.122519854016325,0.0232505385051736,0.186896408440212,0.0802903107361402
0.0857764690820638,0.122007425425682,0.087873456274614,0.0200346995908347,0.123920995101467,0.0233657846460083,0.1899632935514,0.0807851666587712
0.0869286903085392,0.124823966201511,0.0890198444351853,0.0201541664009732,0.126723277271753,0.0235933181188161,0.191829846481404,0.0817863472458495
0.0880809115350147,0.127256433235181,0.0901662325957566,0.0202725993652975,0.129143430055181,0.0237867211577203,0.193999144942796,0.08253819433131
0.0891051081807707,0.129688900268852,0.0911852442940422,0.0203770197677405,0.13156358283861,0.0239773214158844,0.195271872121427,0.0831469599764876
0.0906414031494047,0.131993342721803,0.0927137618414707,0.02053217221315,0.133856359159752,0.0241553648298066,0.198408474381479,0.0842932292247593
0.0919216489565997,0.134041736013315,0.0939875264643277,0.0206601363660256,0.135894382556323,0.0243116074777055,0.201329151029333,0.0858241265006727
0.0938420176673921,0.135962104724107,0.0958981733986132,0.0208498677413982,0.137805029490609,0.0244563936454861,0.20470206412327,0.0873601347340385
0.0951222634745871,0.13775444885418,0.0971719380214702,0.0209749099208912,0.139588299962609,0.0245900767789143,0.206449414232418,0.0880491146653139
0.0964025092817821,0.139802842145692,0.0984457026443272,0.0210988197901815,0.14162632335918,0.0247411722607075,0.20904735916002,0.089712762104902
0.0975547305082576,0.142363333760082,0.0995920908048985,0.02120938695347,0.144173852604894,0.0249275615787314,0.21210817286559,0.0906801621971566
0.0980668288311356,0.144283702470874,0.100101596654041,0.0212582423553169,0.146084499539179,0.0250655795053611,0.213811596729329,0.0911452343426585
0.0998591729612086,0.145819997439508,0.101884867126041,0.0214278736696575,0.147613017086608,0.0251749178320669,0.216986430137817,0.092223233827436
0.100883369606965,0.14799641531174,0.102903878824327,0.0215238681138614,0.149778416945465,0.0253282024318392,0.218105002492352,0.0937854467387036
0.10203559083344,0.149276661118935,0.104050266984898,0.0216310607071273,0.151052181568322,0.0254174995662973,0.219464493621971,0.0950123931856073
0.103315836640635,0.150812956087569,0.105324031607755,0.0217491833922238,0.15258069911575,0.0255238168110365,0.221200285596336,0.0972312579302959
0.103955959544232,0.152477275636922,0.105960913919184,0.021807862849387,0.154236593125464,0.0256379730670132,0.22188156230771,0.0983346419625697
0.105236205351427,0.155293816412751,0.107234678542041,0.0219244682138668,0.15703887529575,0.0258287807379448,0.22381736998688,0.0999400253724111
0.105876328255025,0.156958135962105,0.107871560853469,0.02198239811838,0.158694769305464,0.0259401470256073,0.225275192785652,0.100521782892717
0.106772500320061,0.159390602995775,0.108763196089469,0.0220630873001923,0.161114922088892,0.0261010969383008,0.228300655125288,0.102294362059732
0.108180770707976,0.162207143771604,0.110164337174612,0.0221889234375613,0.163917204259178,0.0262848123837233,0.230582465168353,0.104873453847752
0.109332991934451,0.163743438740238,0.111310725335183,0.0222910186080937,0.165445721806606,0.0263838433335174,0.233240667672115,0.107087060088948
0.110357188580207,0.165535782870311,0.112329737033469,0.0223811280771798,0.167228992278606,0.0264983446750085,0.234931386866409,0.108550227256606
0.11214953271028,0.167456151581104,0.114113007505468,0.0225373886695684,0.169139639212891,0.0266198036499745,0.236775746706753,0.11086501561262
0.113301753936756,0.169760594034055,0.11525939566604,0.0226368948754696,0.171432415534034,0.0267639107697404,0.237810104431695,0.112097080053657
0.114325950582512,0.171808987325567,0.116278407364325,0.022724732027624,0.173470438930605,0.0268905226476879,0.239554910400442,0.112953798469734
0.115990270131865,0.175009601843554,0.117934301374039,0.0228662549820727,0.176654850487748,0.0270856069297972,0.242510286897972,0.11474757089392
0.117782614261938,0.176801945973627,0.119717571846039,0.023017013341011,0.178438120959748,0.0271934140670409,0.245657398365016,0.117210217445121
0.119062860069133,0.178722314684419,0.120991336468896,0.0231236677166852,0.180348767894033,0.0273077919133245,0.248366041698658,0.119849035319469
0.120599155037767,0.181922929202407,0.122519854016325,0.0232505385051736,0.183533179451176,0.0274958632357914,0.251518242837967,0.121861906201954
0.121879400844962,0.185635642043272,0.123793618639182,0.0233553488969299,0.187227096857461,0.0277100943546426,0.253955499851261,0.123305880704128
0.123543720394316,0.187684035334784,0.125449512648896,0.0234903778993481,0.189265120254032,0.0278265168381976,0.258455166673828,0.12541564754328
0.125464089105108,0.189476379464857,0.127360159583181,0.0236444892359488,0.191048390726032,0.0279273676285542,0.262947288783021,0.127692905325429
0.126872359493023,0.19126872359493,0.128761300668324,0.0237563719150081,0.192831661198032,0.0280272782196436,0.265651539068953,0.13046283668986
0.128792728203815,0.193061067725003,0.13067194760261,0.0239074220904927,0.194614931670032,0.0281262586308448,0.26941426106235,0.134655224824633
0.13007297401101,0.195621559339393,0.131945712225467,0.0240071643866408,0.197162460915746,0.0282660649939732,0.271382740397369,0.136933499561628
0.130841121495327,0.198182050953783,0.132709970999181,0.0240666466947212,0.19970999016146,0.0284040206993881,0.272647792319288,0.138040817606708
0.132249391883242,0.200102419664576,0.134111112084324,0.0241749981926185,0.201620637095745,0.0285062891610717,0.276348605590474,0.139828267083143
0.133273588528998,0.201894763794649,0.135130123782609,0.0242532365555333,0.203403907567745,0.0286008238618799,0.278281929720572,0.141117407362946
0.134041736013315,0.203815132505441,0.135894382556323,0.0243116074777055,0.20531455450203,0.0287011399171309,0.279029914211513,0.141822424478083
0.135706055562668,0.205607476635514,0.137550276566037,0.0244371823043243,0.20709782497403,0.0287938709050968,0.280804056579161,0.144071769124139
0.138010498015619,0.207399820765587,0.13984305288718,0.0246090614132065,0.20888109544603,0.0288857440493231,0.284799575611866,0.147976796567249
0.139034694661375,0.208936115734221,0.140862064585466,0.0246847201689746,0.210409612993459,0.0289638158750096,0.286427690192121,0.149622528587325
0.140570989630009,0.211368582767891,0.142390582132894,0.0247973759878949,0.212829765776887,0.0290861651762671,0.288857160682158,0.150946694528536
0.142235309179362,0.213929074382281,0.144046476142608,0.0249183066988049,0.215377295022601,0.0292132982654357,0.290876955589341,0.152951803921077
0.143515554986557,0.215977467673793,0.145320240765465,0.0250105528535481,0.217415318419172,0.0293137966929147,0.293753662709567,0.155222517784679
0.144539751632313,0.218153885546025,0.146339252463751,0.0250838685684419,0.219580718278029,0.0294194130082694,0.29554819178412,0.157473185950106
0.146716169504545,0.22199462296761,0.148504652322608,0.0252382622548993,0.2234020121466,0.0296029095962168,0.298235304939466,0.160971607254583
0.14799641531174,0.224043016259122,0.149778416945465,0.0253282024318392,0.225440035543171,0.0296992879817514,0.301026804220697,0.162121856915362
0.148636538215337,0.226347458712073,0.150415299256893,0.0253729309538986,0.227732811864314,0.0298064936592939,0.302090818384216,0.162640805477403
0.149916784022532,0.228907950326463,0.15168906387975,0.0254619091087546,0.230280341110028,0.0299241123108136,0.303402635980345,0.163882489560991
0.150940980668288,0.231212392779414,0.152708075578036,0.0255326355818321,0.23257311743117,0.0300286349996673,0.305367690105653,0.164959931468031
0.152477275636922,0.233772884393804,0.154236593125464,0.0256379730670132,0.235120646676885,0.0301433055523341,0.308053579637876,0.166208643948972
0.153501472282678,0.235949302266035,0.15525560482375,0.0257077013687807,0.237286046535741,0.0302395750587187,0.309685047887326,0.167674096116085
0.154781718089873,0.237869670976828,0.156529369446607,0.0257943086379985,0.239196693470027,0.0303236115515794,0.311237000579878,0.170582729055912
0.156830111381385,0.240686211752657,0.158567392843178,0.0259316164697067,0.241998975640312,0.0304453419070884,0.314215738842709,0.173547259217354
0.1582383817693,0.244142875432083,0.159968533928321,0.0260251243308863,0.245438140122026,0.0305922912363701,0.315264796002315,0.176090853677206
0.159518627576495,0.246319293304314,0.161242298551178,0.0261095088839183,0.247603539980883,0.0306834476002918,0.316172466052359,0.177596828063795
0.161567020868007,0.248111637434387,0.163280321947749,0.0262433055010166,0.249386810452883,0.0307577322669847,0.319215775711801,0.179191195801644
0.16323134041736,0.25003200614518,0.164936215957463,0.0263509244962797,0.251297457387169,0.0308365421239473,0.321371288743584,0.180636789351659
0.164127512482397,0.251952374855972,0.165827851193463,0.0264084727089831,0.253208104321454,0.0309145502369271,0.323003785331061,0.181839317666339
0.166175905773909,0.254896940212521,0.167865874590034,0.0265389705317123,0.256137762954025,0.0310326193234852,0.326786898707352,0.184667060521891
0.167968249903982,0.257457431826911,0.169649145062034,0.0266519815224567,0.258685292199739,0.0311337839734991,0.331134466213484,0.187134683747414
0.169376520291896,0.258737677634106,0.171050286147177,0.0267400163134932,0.259959056822596,0.0311838461260734,0.332894411345634,0.189458256759456
0.17091281526053,0.262322365894252,0.172578803694605,0.0268353003613014,0.263525597766596,0.0313221923536071,0.335389261591745,0.191973595529416
0.172961208552042,0.264498783766483,0.174616827091177,0.0269611360704047,0.265690997625453,0.0314048854747928,0.337618360449936,0.195043380544053
0.174753552682115,0.266675201638715,0.176400097563176,0.0270701220671025,0.26785639748431,0.0314866037025927,0.339437727897951,0.199017340653362
0.175393675585712,0.268851619510946,0.177036979874605,0.0271087947993164,0.270021797343167,0.0315673546081103,0.340289370569591,0.200152967347632
0.177314044296505,0.270643963641019,0.17894762680889,0.0272240285261441,0.271805067815166,0.0316331342632697,0.342129040077687,0.203597100838675
0.17846626552298,0.272692356932531,0.180094014969462,0.0272926085513577,0.273843091211738,0.0317075190479336,0.342984180204447,0.205394399490413
0.180002560491614,0.275124823966202,0.18162253251689,0.0273834015563513,0.276263243995166,0.0317947616337297,0.34443038866284,0.207931633611254
0.181410830879529,0.277173217257713,0.183023673602033,0.0274659846056928,0.278301267391737,0.0318673184715233,0.346375599048473,0.209735651365428
0.182947125848163,0.278709512226347,0.184552191149461,0.0275553794973059,0.279829784939166,0.0319211933907423,0.348551865761416,0.211670775653835
0.184739469978236,0.281270003840737,0.186335461621461,0.0276587651490247,0.28237731418488,0.032009958145459,0.350580076617697,0.215367870629135
0.187427986173345,0.282934323390091,0.189010367329461,0.0278120322362824,0.284033208194594,0.0320669712602381,0.352633693985677,0.218225198374127
0.188964281141979,0.285238765843042,0.190538884876889,0.0278986494998398,0.286325984515736,0.03214502904172,0.3541978908486,0.219683669898358
0.191012674433491,0.287415183715273,0.19257690827346,0.0280130624589771,0.288491384374593,0.0322178143270026,0.357086035203124,0.222735137707761
0.192036871079247,0.289079503264627,0.193595919971746,0.0280698117195678,0.290147278384307,0.0322728640913483,0.357926262753557,0.224056334204556
0.193701190628601,0.292024068621175,0.19525181398146,0.0281613852218823,0.293076937016878,0.0323689746244778,0.3601047650417,0.22619780559701
0.195237485597235,0.294456535654846,0.196780331528888,0.0282452126863839,0.295497089800307,0.0324471404075918,0.362255108919671,0.22794528594156
0.196005633081552,0.297273076430675,0.197544590302603,0.0282868756634128,0.298299371970592,0.0325362692491314,0.363119128465562,0.228573301318581
0.197285878888747,0.298169248495711,0.19881835492546,0.0283559450172725,0.299191007206592,0.0325643199527831,0.36441566969344,0.230945650754212
0.198438100115222,0.300217641787223,0.199964743086031,0.0284177155245558,0.301229030603163,0.0326278797382785,0.366445039560605,0.23273339353239
0.199846370503137,0.302138010498016,0.201365884171174,0.028492712241081,0.303139677537449,0.032686767585893,0.368511674016653,0.234081986872317
0.202150812956088,0.304314428370247,0.203658660492316,0.0286142571620816,0.305305077396306,0.0327526935707767,0.37178489907653,0.236951290507276
0.203431058763283,0.305466649596723,0.204932425115173,0.0286811565863553,0.306451465556877,0.0327872473046002,0.37508953219855,0.239121345250514
0.205095378312636,0.307515042888235,0.206588319124887,0.0287674642335292,0.308489488953448,0.0328480837745633,0.378920522030929,0.240845347979955
0.207271796184867,0.308923313276149,0.208753718983744,0.0288792099557975,0.309890630038591,0.0328894708278525,0.384272114678518,0.244105120834888
0.20906414031494,0.310459608244783,0.210536989455744,0.0289702938408046,0.31141914758602,0.0329342151068156,0.388102490345019,0.246477088879022
0.210472410702855,0.312251952374856,0.211938130540887,0.0290412684803942,0.313202418058019,0.0329858845608752,0.390227494711141,0.247754155747678
0.211880681090769,0.314172321085648,0.21333927162603,0.0291117269559891,0.315113064992305,0.0330406115873824,0.392117599630184,0.249513792725927
0.213801049801562,0.31634873895788,0.215249918560315,0.0292069816062312,0.317278464851162,0.0331018478201603,0.39489286432584,0.25107724958484
0.216233516835232,0.317885033926514,0.217670071343743,0.0293262841099647,0.31880698239859,0.033144571891467,0.398012015862187,0.253128588454189
0.218665983868903,0.320189476379465,0.220090224127172,0.0294440910899964,0.321099758719733,0.0332078837219422,0.400780435303258,0.255787712695061
0.220330303418256,0.322621943413135,0.221746118136886,0.0295238434174738,0.323519911503161,0.0332737100967422,0.403147966454228,0.258004762272824
0.222506721290488,0.324286262962489,0.223911517995743,0.0296271004608734,0.325175805512875,0.0333181588891674,0.405694283523328,0.261431787705953
0.223914991678402,0.32646268083472,0.225312659080886,0.0296932943493927,0.327341205371732,0.0333755641747867,0.407524711203957,0.264016527913089
0.225579311227756,0.328511074126232,0.2269685530906,0.0297709011566285,0.329379228768303,0.0334288506685255,0.409181967378069,0.266494370227161
0.22711560619639,0.329791319933427,0.228497070638028,0.0298419441203638,0.33065299339116,0.0334617909092704,0.410681325645623,0.268744927321945
0.228011778261426,0.331327614902061,0.229388705874028,0.0298831241411132,0.332181510938589,0.0335009511645796,0.411626156761805,0.269863450029238
0.229420048649341,0.333504032774293,0.230789846959171,0.0299474482881718,0.334346910797446,0.033555743520907,0.41311027693199,0.271262717759749
0.230956343617975,0.335168352323646,0.232318364506599,0.0300170833452213,0.33600280480716,0.0335971041129915,0.414244658020831,0.272590073636763
0.232492638586609,0.337472794776597,0.233846882054028,0.0300861621062845,0.338295581128302,0.0336536043053201,0.416320438675619,0.273928985769349
0.233388810651645,0.339905261810268,0.234738517290027,0.0301262026726959,0.340715733911731,0.0337122799248367,0.417935964349636,0.27494088328704
0.235181154781718,0.343361925489694,0.236521787762027,0.0302057228133679,0.344154898393445,0.0337939688234582,0.421610584362648,0.2763376624591
0.235949302266035,0.345922417104084,0.237286046535741,0.0302395750587187,0.346702427639159,0.0338532059065947,0.422852341740273,0.276794025002431
0.236845474331072,0.348226859557035,0.238177681771741,0.0302788974554893,0.348995203960301,0.0339055980878327,0.423800863753125,0.277432395538766
0.238381769299706,0.350531302009986,0.23970619931917,0.0303458786014675,0.351287980281444,0.0339571217503996,0.425309233956004,0.27871891081492
0.23979003968762,0.353731916527973,0.241107340404312,0.0304068049220124,0.354472391838586,0.0340272489446477,0.426983959151469,0.280377887826224
0.241454359236974,0.355908334400205,0.242763234414027,0.0304782291889838,0.356637791697443,0.0340739880642492,0.429124796088099,0.282399984568733
0.243502752528485,0.358468826014595,0.244801257810598,0.0305652802518768,0.359185320943157,0.0341279983032368,0.431603637471454,0.284378095018651
0.245167072077839,0.360901293048265,0.246457151820312,0.0306353191481926,0.361605473726586,0.0341783340759914,0.434546391762754,0.285346931339267
0.246575342465753,0.362565612597619,0.247858292905455,0.0306941029778225,0.3632613677363,0.0342122297657349,0.43709479960706,0.286419577334396
0.249135834080143,0.365126104212009,0.250405822151169,0.0307998643362557,0.365808896982014,0.0342635164082356,0.441424126821556,0.289074035064651
0.251184227371655,0.367942644987838,0.25244384554774,0.0308834428107923,0.368611179152299,0.0343187318534953,0.44345047144925,0.291080020634396
0.253616694405326,0.370631161182947,0.254863998331168,0.0309815134289837,0.371286084860299,0.0343702703068724,0.447576318539701,0.293761706455432
0.255281013954679,0.372679554474459,0.256519892340882,0.0310478828384138,0.37332410825687,0.0344087757183221,0.450188527168298,0.295698995110096
0.258225579311228,0.375368070669569,0.259449550973453,0.0311638627043083,0.37599901396487,0.0344583180211615,0.457019589797119,0.298936518891789
0.259633849699142,0.376776341057483,0.260850692058596,0.0312186845248153,0.377400155050013,0.0344838190001537,0.459820215736029,0.300905726387295
0.260914095506337,0.378056586864678,0.262124456681453,0.0312681619135943,0.37867391967287,0.034506734150335,0.462747369604581,0.302192546897448
0.262962488797849,0.379464857252592,0.264162480078024,0.0313466155135226,0.380075060758012,0.0345316471267213,0.466420640488604,0.305223517825611
0.264754832927922,0.382281398028421,0.265945750550024,0.0314145498360121,0.382877342928298,0.034580552648205,0.469667609537055,0.308951892945491
0.266163103315837,0.385353987965689,0.267346891635167,0.0314674631875365,0.385934378023155,0.034632509564038,0.472576720543572,0.312291990537525
0.26782742286519,0.387914479580079,0.269002785644881,0.031529474204811,0.388481907268869,0.0346746999695818,0.4757301139124,0.315856881076609
0.269747791575983,0.389578799129433,0.270913432579167,0.0316003255573854,0.390137801278583,0.0347015859349615,0.478633535076343,0.319165591549186
0.271668160286775,0.391755217001664,0.272824079513452,0.0316704319084645,0.39230320113744,0.0347361070695415,0.483639409304026,0.322051856706173
0.273332479836129,0.393803610293176,0.274479973523166,0.0317305919408133,0.394341224534011,0.0347679393872784,0.485973129045823,0.324017045900623
0.275124823966202,0.395723979003969,0.276263243995166,0.0317947616337297,0.396251871468296,0.0347972041456946,0.487459518943109,0.326288557623297
0.276661118934835,0.398156446037639,0.277791761542594,0.0318492569678185,0.398672024251725,0.0348334720466383,0.489901408129853,0.328204061891504
0.278325438484189,0.401357060555627,0.279447655552308,0.0319077681175627,0.401856435808867,0.0348798337779188,0.492089420823986,0.329891407310863
0.280117782614262,0.403277429266419,0.281230926024308,0.031970172326391,0.403767082743153,0.0349069117666701,0.494205850760596,0.331578060923882
0.281270003840737,0.405965945461529,0.28237731418488,0.032009958145459,0.406441988451152,0.0349438926863643,0.495940642768809,0.333062413295906
0.283702470874408,0.40827038791448,0.284797466968308,0.0320931042208451,0.408734764772295,0.0349747309987409,0.498603894078335,0.335824010551235
0.285494815004481,0.411471002432467,0.286580737440308,0.0321536390809178,0.411919176329438,0.0350162497364339,0.500192086992247,0.337769398827617
0.287415183715273,0.414159518627576,0.288491384374593,0.0322178143270026,0.414594082037437,0.0350499498525321,0.50231198244845,0.339711490645699
0.288567404941749,0.416591985661247,0.289637772535165,0.0322559817776488,0.417014234820866,0.0350795182690686,0.503774540928036,0.340699685904719
0.289719626168224,0.41838432979132,0.290784160695736,0.0322938970543262,0.418797505292866,0.0351007462900685,0.505107986662386,0.341702023162293
0.2908718473947,0.421969018051466,0.291930548856307,0.0323315610442095,0.422364046236865,0.0351417825623621,0.506356512935619,0.34278516719349
0.292536166944053,0.424913583408014,0.293586442866021,0.0323855227311762,0.425293704869436,0.0351740786022133,0.508064499949037,0.344293218742038
0.293944437331968,0.428242222506721,0.294987583951164,0.0324307764770213,0.428605492888865,0.0352090579498506,0.510537238769466,0.345204303411938
0.296248879784919,0.431826910766867,0.297280360272307,0.0325040292703489,0.432172033832864,0.0352449184415738,0.513067858181757,0.348177891904775
0.297913199334272,0.434899500704135,0.298936254282021,0.0325563206110194,0.435229068927721,0.035274166622383,0.516118035271009,0.351479642809401
0.300089617206504,0.439380361029318,0.301101654140878,0.0326239298583386,0.439687245107721,0.0353143631883129,0.51996284250656,0.354275311605453
0.302009985917296,0.441940852643708,0.303012301075163,0.0326828627119995,0.442234774353435,0.0353360271919797,0.522537329193091,0.355972543895428
0.30354628088593,0.444629368838817,0.304540818622592,0.0327295239766839,0.444909680061434,0.0353577549720111,0.524750365501039,0.35762123052899
0.304570477531686,0.447958007937524,0.305559830320877,0.0327603929676414,0.448221468080862,0.0353832120101589,0.525873472947393,0.358812528779639
0.306362821661759,0.450390474971194,0.307343100792877,0.0328139563880749,0.450641620864291,0.0354008067335662,0.52856551586542,0.360726627929787
0.308155165791832,0.451798745359109,0.309126371264877,0.0328669402091167,0.452042761949434,0.0354106044834968,0.532592856007909,0.363063536535429
0.309307387018308,0.453591089489182,0.310272759425448,0.032900696476876,0.453826032421433,0.0354226625800566,0.534014260812239,0.364994891742144
0.310587632825503,0.455511458199974,0.311546524048305,0.0329379247615935,0.455736679355719,0.035435070697891,0.535560555495523,0.367171625965576
0.312892075278453,0.457943925233645,0.313839300369448,0.0330041995199097,0.458156832139147,0.03545002922723,0.537332567154494,0.370279464397263
0.314556394827807,0.460376392267315,0.315495194379162,0.0330514786788344,0.460576984922575,0.0354641411051274,0.539668708261135,0.372499195167746
0.315580591473563,0.46178466265523,0.316514206077448,0.0330803303306613,0.461978126007718,0.0354719245655869,0.542272594081581,0.373419956699519
0.318397132249392,0.464089105108181,0.319316488247733,0.0331587213454674,0.464270902328861,0.035484050233071,0.545713662111817,0.377681465928061
0.320189476379465,0.465881449238254,0.321099758719733,0.0332078837219422,0.466054172800861,0.0354929574336608,0.547282890666019,0.380332332135038
0.322365894251696,0.468569965433363,0.32326515857859,0.0332668293257368,0.46872907850886,0.0355054595675798,0.549609539040989,0.384253850043762
0.32403021380105,0.470362309563436,0.324921052588304,0.0333113517349745,0.47051234898086,0.0355132223491056,0.552224052169375,0.388338846727709
0.326206631673281,0.472538727435668,0.327086452447161,0.0333688528477523,0.472677748839717,0.0355220339209206,0.555707435354276,0.392644497136723
0.327998975803354,0.475739341953655,0.328869722919161,0.0334155963047475,0.47586216039686,0.0355337684423528,0.558465673784046,0.395562214364429
0.330303418256305,0.477787735245167,0.331162499240303,0.0334748888767197,0.477900183793431,0.0355405146184999,0.561983880214912,0.39936983772685
0.331839713224939,0.480988349763155,0.332691016787732,0.0335139155889215,0.481084595350573,0.0355498628318785,0.56421719684695,0.402326004082196
0.332991934451415,0.483548841377545,0.333837404948303,0.033542923244621,0.483632124596287,0.0355562948329761,0.56552729267078,0.404516285426267
0.334912303162207,0.485341185507617,0.335748051882588,0.0335907712941795,0.485415395068287,0.0355602440159317,0.567377752096009,0.40698783008103
0.336064524388683,0.487389578799129,0.33689444004316,0.0336191822336103,0.487453418464858,0.0355641997242435,0.568419300122298,0.408918767534685
0.337600819357317,0.489437972090641,0.338422957590588,0.0336567171217488,0.48949144186143,0.0355675608019744,0.569917983239613,0.412972631381664
0.33926513890667,0.491102291639995,0.340078851600302,0.0336969346256312,0.491147335871144,0.0355698539517359,0.572184236262451,0.415138522111341
0.341313532198182,0.49494302906158,0.342116874996873,0.033745799739982,0.494968629739715,0.0355736484649314,0.574783943645431,0.416817607005522
0.342081679682499,0.496991422353092,0.342881133770588,0.0337639445514616,0.497006653136286,0.0355748180681226,0.575730109690745,0.417964640000421
0.344514146716169,0.49993598770964,0.345301286554016,0.0338207591780581,0.499936311768857,0.0355754585488138,0.57872487412813,0.421134423795143
0.34681858916912,0.501600307258994,0.347594062875159,0.0338736841030425,0.501592205778571,0.03557527754457,0.581722249294848,0.423767109215038
0.348610933299193,0.504032774292664,0.349377333347158,0.0339142455709954,0.504012358562,0.0355743075317763,0.583202987913082,0.426217383686412
0.350147228267827,0.507873511714249,0.350905850894587,0.0339485946184569,0.507833652430571,0.0355710700966763,0.585053592006699,0.427544378995981
0.353219818205095,0.510818077070798,0.353962885989444,0.0340161402404313,0.510763311063142,0.0355671731800693,0.5881482725317,0.430227384205567
0.355908334400205,0.512994494943029,0.356637791697443,0.0340739880642492,0.512928710921999,0.0355635033286365,0.59084828651717,0.43333409508481
0.357956727691717,0.516195109461017,0.358675815094015,0.0341172805274868,0.516113122479141,0.0355568868901156,0.593295571106455,0.435429309751345
0.359493022660351,0.518499551913967,0.360204332641443,0.0341493077249238,0.518405898800284,0.0355512236338545,0.595479055017774,0.436912229180229
0.361413391371143,0.521700166431955,0.362114979575729,0.0341888105624993,0.521590310357426,0.0355421080530321,0.597554913005762,0.440033075792434
0.363717833824094,0.524900780949942,0.364407755896871,0.0342354376267198,0.524774721914569,0.035531538019778,0.599153062435023,0.442161355809521
0.365638202534887,0.52810139546793,0.366318402831157,0.0342736489098701,0.527959133471711,0.0355195122356277,0.60061652612332,0.445780045165969
0.367686595826399,0.530405837920881,0.368356426227728,0.0343137640567868,0.530251909792854,0.0355099514467914,0.603629722239994,0.448962629080056
0.369606964537191,0.532198182050954,0.370267073162013,0.0343507706997665,0.532035180264854,0.0355019926200759,0.605715153916727,0.45146233929553
0.371911406990142,0.534246575342466,0.372559849483156,0.0343944132481704,0.534073203661425,0.0354923363981565,0.607681731397289,0.454392020923839
0.374471898604532,0.537703239021892,0.37510737872887,0.0344419292883377,0.537512368143139,0.0354746846769007,0.609507134398175,0.458013334862667
0.376776341057483,0.540519779797721,0.377400155050013,0.0344838190001537,0.540314650313424,0.0354590404293282,0.611744512872111,0.462324714576112
0.378952758929715,0.542824222250672,0.37956555490887,0.0345226234213669,0.542607426634567,0.0354453969972017,0.612730223518445,0.46467397257715
0.379848930994751,0.545128664703623,0.380457190144869,0.0345383882610621,0.54490020295571,0.03543099339206,0.613734511522812,0.465303470829897
0.383433619254897,0.548073230060172,0.384023731088869,0.0346002066880059,0.547829861588281,0.0354114810657736,0.618350722270343,0.470229719561054
0.385866086288567,0.55101779541672,0.386443883872297,0.0346410280170894,0.550759520220852,0.0353907240187301,0.620455105705285,0.473754848382183
0.388938676225835,0.553834336192549,0.389500918967154,0.0346912952390654,0.553561802391137,0.0353697027126468,0.622424403051984,0.476404110501279
0.392139290743823,0.557162975291256,0.392685330524297,0.0347421241871446,0.556873590410565,0.035343385723806,0.624722283278106,0.480391012496858
0.393803610293176,0.559595442324926,0.394341224534011,0.0347679393872784,0.559293743193994,0.0353231425669598,0.625847960008115,0.48283638857736
0.395595954423249,0.562027909358597,0.396124495006011,0.0347952705357059,0.561713895977422,0.0353020436016925,0.627325112042302,0.485754592101372
0.398412495199078,0.563948278069389,0.398926777176296,0.0348372377596096,0.563624542911708,0.0352847809992522,0.630038930281916,0.489708306174481
0.401101011394188,0.565996671360901,0.401601682884296,0.034876181550489,0.565662566308279,0.0352657776948897,0.632274807563214,0.493558175750085
0.402381257201383,0.568301113813852,0.402875447507153,0.0348943442308763,0.567955342629422,0.0352436699605441,0.633169268802945,0.494930730494896
0.404173601331456,0.570349507105364,0.404658717979153,0.0349193589356396,0.569993366025993,0.0352233694962846,0.634260390463553,0.496569010458127
0.406350019203687,0.572397900396876,0.40682411783801,0.0349490874431985,0.572031389422564,0.0352024569721888,0.636087140041983,0.498466805932499
0.409294584560236,0.574318269107669,0.409753776470581,0.0349881828023865,0.573942036356849,0.0351822946360441,0.638148151080308,0.502284475533388
0.411471002432467,0.576750736141339,0.411919176329438,0.0350162497364339,0.576362189140278,0.0351559806009191,0.640440857818667,0.504892444597197
0.414287543208296,0.578030981948534,0.414721458499723,0.0350515279040666,0.577635953763135,0.0351417825623621,0.644174219284268,0.508772224890693
0.416079887338369,0.580207399820766,0.416504728971723,0.0350733660243231,0.579801353621992,0.0351170932068973,0.64584100449802,0.510695863973027
0.417872231468442,0.583151965177314,0.418287999443723,0.0350947294984547,0.582731012254563,0.0350825798678833,0.64732437952997,0.512145326099058
0.420048649340673,0.584560235565229,0.42045339930258,0.0351200339976356,0.584132153339706,0.0350656212287396,0.649044150085606,0.514611687613081
0.421969018051466,0.58673665343746,0.422364046236865,0.0351417825623621,0.586297553198562,0.0350388355310415,0.650573747522223,0.516531021206884
0.424913583408014,0.588144923825374,0.425293704869436,0.0351740786022133,0.587698694283705,0.0350211296711274,0.653003946373599,0.519328612247961
0.427346050441685,0.590065292536167,0.427713857652865,0.0351997998172359,0.589609341217991,0.0349965108881998,0.655521070302587,0.521945815525684
0.430162591217514,0.591985661246959,0.43051613982315,0.0352285019510819,0.591519988152276,0.0349713436328788,0.658419871370742,0.525867639899527
0.432595058251184,0.59441812828063,0.432936292606578,0.0352523592208294,0.593940140935705,0.0349386758914725,0.660383654362693,0.527778709222867
0.434643451542696,0.596338496991422,0.43497431600315,0.0352717816922522,0.59585078786999,0.0349122609989165,0.662659784138767,0.529257138359645
0.437203943157086,0.598386890282934,0.437521845248864,0.0352952027265937,0.597888811266561,0.0348834761565925,0.665121326347207,0.53226740047729
0.440532582255793,0.600435283574446,0.440833633268292,0.0353242293190761,0.599926834663133,0.0348540611880686,0.668452001885853,0.535947654345166
0.442709000128025,0.602611701446678,0.442999033127149,0.0353423416063794,0.602092234521989,0.0348221155660513,0.671161772478065,0.537626182668973
0.446165663807451,0.60466009473819,0.446438197608863,0.0353697027126468,0.604130257918561,0.034791395874762,0.675656477704088,0.540651628490439
0.447445909614646,0.606964537191141,0.44771196223172,0.0353793994056885,0.606423034239703,0.0347560769428226,0.677165024883547,0.541558676669634
0.448598130841121,0.608756881321214,0.448858350392291,0.0353879246988311,0.608206304711703,0.0347280493437408,0.678476772904682,0.542079019841398
0.451030597874792,0.611189348354884,0.451278503175719,0.0354052955681106,0.610626457495131,0.0346892295940152,0.681202472654541,0.544320773798715
0.454231212392779,0.613877864549994,0.454462914732862,0.0354268573596389,0.613301363203131,0.0346452721609915,0.684484098644279,0.54834766465247
0.457175777749328,0.616182307002945,0.457392573365433,0.0354453969972017,0.615594139524274,0.0346067126148095,0.687308077220995,0.551130236243148
0.459864293944437,0.618614774036615,0.460067479073433,0.0354612404912963,0.618014292307702,0.0345651246969509,0.689663630466616,0.552485809256633
0.461912687235949,0.61989501984381,0.462105502470004,0.0354726181044831,0.619288056930559,0.0345428696701145,0.691324007792471,0.55397338828704
0.463448982204583,0.622327486877481,0.463634020017432,0.0354807580274019,0.621708209713987,0.0344998863289668,0.692440637486441,0.555105410962877
0.465369350915376,0.624247855588273,0.465544666951718,0.0354904592697285,0.623618856648273,0.0344653034485604,0.694100385193608,0.556411902645406
0.467801817949046,0.626040199718346,0.467964819735146,0.0355019926200759,0.625402127120273,0.0344325080489585,0.695905202542182,0.558776826054183
0.469978235821278,0.628600691332736,0.470130219594003,0.0355115973969145,0.627949656365987,0.0343847869168814,0.698098506693576,0.560829428959786
0.471770579951351,0.630265010882089,0.471913490066003,0.0355190009043368,0.629605550375701,0.0343532171668916,0.700432984824961,0.562278957417616
0.47445909614646,0.633081551657918,0.474588395774003,0.0355292493677456,0.632407832545986,0.0342987985830613,0.70349342806973,0.564101520568325
0.476763538599411,0.635385994110869,0.476881172095145,0.0355372160284596,0.634700608867129,0.0342533423472332,0.706641543780632,0.565800665408701
0.478555882729484,0.63781846114454,0.478664442567145,0.0355428908073867,0.637120761650557,0.0342044468684854,0.709560807320694,0.567462918440824
0.480476251440277,0.640506977339649,0.480575089501431,0.0355484648206552,0.639795667358557,0.0341493077249238,0.711253978277618,0.568603148777605
0.482652669312508,0.643195493534759,0.482740489360288,0.0355541494139306,0.642470573066557,0.0340930115575717,0.712736133121744,0.571030503301202
0.484957111765459,0.645884009729868,0.48503326568143,0.0355594361058984,0.645145478774556,0.0340355526251386,0.714287652189651,0.574272171046798
0.486749455895532,0.64793240302138,0.48681653615343,0.035563027450462,0.647183502171128,0.0339909903015202,0.715756567684696,0.576049797411573
0.488541800025605,0.649980796312892,0.48859980662543,0.0355661634864111,0.649221525567699,0.0339457469012021,0.717268576445545,0.577562120762235
0.490718217897836,0.652029189604404,0.490765206484287,0.0355693595908566,0.65125954896427,0.0338998196972476,0.718866084346621,0.57934835506581
0.493662783254385,0.654973754960952,0.493694865116858,0.0355726157476075,0.654189207596841,0.0338325957502911,0.721817776028096,0.581771391721773
0.496479324030214,0.657406221994623,0.496497147287143,0.0355745813658185,0.65660936038027,0.033775986793307,0.72425381995041,0.58406159111966
0.498527717321726,0.659070541543976,0.498535170683715,0.0355753053914367,0.658265254389984,0.0337366906396207,0.726617537320464,0.586279260235429
0.500448086032518,0.660350787351171,0.500445817618,0.0355754446254432,0.659539019012841,0.0337061499912724,0.728412639865019,0.588556609020818
0.501728331839713,0.662015106900525,0.501719582240857,0.0355752473771065,0.661194913022555,0.0336660391310903,0.729648438917904,0.589664728223577
0.503904749711945,0.66329535270772,0.503884982099714,0.0355743794714322,0.662468677645412,0.0336348698136546,0.731716182868063,0.59146858591008
0.505953143003457,0.665599795160671,0.505923005496285,0.0355729499335732,0.664761453966554,0.0335780725702719,0.733301682045285,0.593829850913015
0.508001536294969,0.6684163359365,0.507961028892856,0.0355709262038331,0.66756373613684,0.0335074389313266,0.735128851396548,0.595814637860776
0.509665855844322,0.670336704647292,0.50961692290257,0.0355688443341769,0.669474383071125,0.033458509447782,0.736722177276007,0.597576322056289
0.511586224555115,0.672385097938804,0.511527569836856,0.0355659545806962,0.671512406467697,0.0334056261321894,0.738355332167629,0.599541932748655
0.513378568685188,0.675841761618231,0.513310840308856,0.0355627860269046,0.67495157094941,0.0333147567249489,0.739327616877292,0.60167900210036
0.514786839073102,0.677890154909743,0.514711981393999,0.0355599770361984,0.676989594345982,0.0332599372027833,0.73997740346096,0.603635288097312
0.517603379848931,0.679938548201255,0.517514263564284,0.035553515515346,0.679027617742553,0.0332043906983193,0.742213998454713,0.607395857533924
0.52029189604404,0.681730892331328,0.520189169272284,0.0355462980268457,0.680810888214553,0.0331551882830127,0.74510255250879,0.610630131657673
0.52285238765843,0.683907310203559,0.522736698517998,0.035538470457932,0.68297628807341,0.0330946868561736,0.746773350599826,0.613608994515218
0.525028805530662,0.685827678914352,0.524902098376855,0.0355310849480841,0.684886935007695,0.0330406115873824,0.748266254329395,0.615983174126923
0.52797337088721,0.687876072205864,0.527831757009426,0.0355200212353746,0.686924958404266,0.0329822128395877,0.750983167499967,0.618889574404533
0.529765715017283,0.690436563820254,0.529615027481426,0.0355126830313001,0.68947248764998,0.0329081655722622,0.753162784724747,0.62066357122704
0.532454231212393,0.692612981692485,0.532289933189425,0.0355008182921514,0.691637887508837,0.0328443036479805,0.757174020273378,0.623014807628177
0.534374599923185,0.695045448726155,0.534200580123711,0.0354917130257486,0.694058040292266,0.0327719197781947,0.758125235280762,0.624590068898057
0.536679042376136,0.697221866598387,0.536493356444853,0.0354800925692145,0.696223440151123,0.0327062471001652,0.760149332263861,0.626461555089271
0.538983484829087,0.699654333632057,0.538786132765996,0.0354677141676262,0.698643592934551,0.0326318266102171,0.762019230771981,0.628427937585244
0.542312123927794,0.702342849827167,0.542097920785424,0.0354484945333036,0.701318498642551,0.0325483091577348,0.76533688853067,0.632032790074874
0.545384713865062,0.705415439764435,0.545154955880281,0.0354293460274276,0.704375533737407,0.0324512237409728,0.767823166862655,0.635979365723764
0.547561131737294,0.707335808475227,0.547320355739138,0.0354149638671418,0.706286180671693,0.0323896520648065,0.769792332912952,0.638556598542029
0.551273844578159,0.7091281526053,0.551014273145423,0.0353888601628648,0.708069451143693,0.0323315610442095,0.772488748803958,0.644285518172842
0.55357828703111,0.711432595058251,0.553307049466566,0.0353716609353701,0.710362227464835,0.0322559817776488,0.773603253416386,0.645987585267804
0.554730508257585,0.713224939188324,0.554453437627137,0.0353627745419347,0.712145497936835,0.0321965008938308,0.774212349333445,0.646775055560329
0.557034950710536,0.714889258737678,0.55674621394828,0.0353444274746583,0.713801391946549,0.0321407193043571,0.775608866714032,0.648541560773547
0.559595442324926,0.716553578287031,0.559293743193994,0.0353231425669598,0.715457285956263,0.0320844058912622,0.777661195600425,0.650808942308657
0.561643835616438,0.718217897836385,0.561331766590565,0.0353054319750109,0.717113179965978,0.0320275578492619,0.779216809964994,0.652491774367889
0.563564204327231,0.720266291127897,0.563242413524851,0.0352882763053752,0.719151203362549,0.0319568528795673,0.780593915646196,0.653864189058206
0.565740622199462,0.723082831903725,0.565407813383707,0.035268186438826,0.721953485532834,0.0318582941822682,0.783354896877958,0.656798799366251
0.567789015490974,0.726539495583152,0.567445836780279,0.0352486495668854,0.725392650014548,0.0317351967022748,0.785027636537534,0.658504851854463
0.570733580847523,0.728075790551786,0.57037549541285,0.0352194950521994,0.726921167561977,0.0316797233992925,0.786984676499663,0.661954322906831
0.572525924977596,0.730252208424017,0.57215876588485,0.0352011295924034,0.729086567420833,0.0316003255573854,0.788346363388954,0.663719914913223
0.574702342849827,0.731916527973371,0.574324165743707,0.0351781974194436,0.730742461430548,0.0315389642763174,0.790410747652726,0.666070677487799
0.576238637818461,0.733708872103444,0.575852683291135,0.0351615924706359,0.732525731902547,0.0314722533422752,0.792124245165148,0.667351227414447
0.577646908206376,0.735117142491358,0.577253824376278,0.035146067239758,0.73392687298769,0.0314193769605861,0.792842938955687,0.668525064847207
0.579695301497888,0.736909486621431,0.579291847772849,0.0351229651403177,0.73571014345969,0.03135148996277,0.794029672264697,0.670582404702184
0.5817436947894,0.738573806170785,0.58132987116942,0.0350992457169288,0.737366037469404,0.0312878570817947,0.795528199597076,0.672607905289168
0.58430418640379,0.741390346946614,0.583877400415134,0.0350687264145009,0.74016831963969,0.0311788554430612,0.7983119093088,0.674469890231471
0.587120727179618,0.742926641915248,0.58667968258542,0.0350340358246942,0.741696837187118,0.0311186978913062,0.800336738259551,0.676025714681475
0.589425169632569,0.744078863141723,0.588972458906562,0.0350047780328756,0.742843225347689,0.031073252232948,0.801865668976168,0.678582117875528
0.593009857892715,0.746383305594674,0.592538999850562,0.0349576964244592,0.745136001668832,0.0309815134289837,0.803382223559599,0.681964555610401
0.595698374087825,0.748943797209064,0.595213905558562,0.0349211272842925,0.747683530914546,0.0308782458355109,0.804518391235731,0.683879010061668
0.598386890282934,0.750736141339137,0.597888811266561,0.0348834761565925,0.749466801386546,0.030805114733628,0.806512450917154,0.686479508244115
0.600435283574446,0.753680706695686,0.599926834663133,0.0348540611880686,0.752396460019117,0.0306834476002918,0.808764455326668,0.689082186741091
0.603379848930995,0.756241198310076,0.602856493295704,0.0348106700051082,0.754943989264831,0.0305760956090213,0.810708400808126,0.693745926734051
0.606068365126104,0.758033542440149,0.605531399003703,0.0347699077577519,0.756727259736831,0.0305000802086274,0.812420436378165,0.695206716305442
0.608628856740494,0.76020996031238,0.608078928249417,0.0347300675160261,0.758892659595688,0.0304068049220124,0.814284053231026,0.698062569264031
0.611061323774165,0.763154525668928,0.610499081032846,0.0346912952390654,0.761822318228259,0.0302788974554893,0.81645794289055,0.700423084534935
0.613877864549994,0.764690820637562,0.613301363203131,0.0346452721609915,0.763350835775687,0.0302113743198731,0.81867605348057,0.703335700019317
0.616822429906542,0.766995263090513,0.616231021835702,0.0345958567924187,0.76564361209683,0.030109065401316,0.821149900926298,0.705909074944223
0.618870823198054,0.769555754704903,0.618269045232273,0.0345606939476401,0.768191141342544,0.0299939336609024,0.822638082584196,0.708206322001643
0.620791191908846,0.771092049673537,0.620179692166559,0.034527140350876,0.769719658889972,0.0299241123108136,0.823892870228224,0.709697565257424
0.623991806426834,0.773396492126488,0.623364103723702,0.0344699476387803,0.772012435211115,0.0298183262369904,0.825605862138302,0.711447133742076
0.626680322621943,0.774676737933683,0.626039009431701,0.0344206739092006,0.773286199833972,0.0297590053362443,0.826725950743901,0.713166871678854
0.629624887978492,0.775828959160159,0.628968668064272,0.034365410856019,0.774432587994543,0.0297052776256385,0.828019116780902,0.715633411821431
0.632313404173601,0.777621303290232,0.631643573772272,0.0343137640567868,0.776215858466543,0.0296210587774063,0.829441616861492,0.717867168818496
0.634489822045833,0.780437844066061,0.633808973631129,0.0342711196786337,0.779018140636828,0.0294871202479487,0.830856631567691,0.720236541808052
0.637178338240942,0.782358212776853,0.636483879339129,0.0342174053171194,0.780928787571114,0.0293946692722539,0.832642994846898,0.723279471171496
0.639738829855332,0.784150556906926,0.639031408584843,0.0341651795824067,0.782712058043114,0.0293075467638631,0.833936864162776,0.725330833609907
0.641915247727564,0.785558827294841,0.6411968084437,0.0341199639163783,0.784113199128256,0.029238523020819,0.835541546617096,0.727033757771836
0.644731788503393,0.78837536807067,0.643999090613985,0.0340603206360078,0.786915481298542,0.0290989545470402,0.837664002178327,0.730013873255218
0.648188452182819,0.791319933427218,0.647438255095699,0.0339853721782515,0.789845139931113,0.0289508470402689,0.83966389352709,0.732845078539072
0.651133017539368,0.794008449622328,0.65036791372827,0.0339199971659325,0.792520045639113,0.0288136299430961,0.841066026031393,0.735152891412811
0.653949558315197,0.796184867494559,0.653170195898556,0.0338561394368033,0.79468544549797,0.0287011399171309,0.844574383084248,0.738487105474921
0.656382025348867,0.797721162463193,0.655590348681984,0.0337999411678985,0.796213963045398,0.0286209671211922,0.846671451792004,0.740473199392292
0.658558443221098,0.798873383689668,0.657755748540841,0.0337488306680889,0.797360351205969,0.0285604166786536,0.848305716410589,0.742134051071971
0.662143131481244,0.800409678658302,0.661322289484841,0.0336629345338748,0.798888868753398,0.02847911725337,0.852322738226988,0.743887349283429
0.665471770579951,0.802202022788375,0.664634077504269,0.0335812513889879,0.800672139225397,0.0283834442580671,0.85506345736981,0.745652775050938
0.668544360517219,0.804378440660607,0.667691112599126,0.0335041964370002,0.802837539084254,0.0282660649939732,0.857955701404463,0.74899297763042
0.671360901293048,0.806426833952119,0.670493394769411,0.0334321572650883,0.804875562480826,0.0281543692741671,0.86018036262759,0.751375250157323
0.673665343745999,0.807579055178594,0.672786171090553,0.0333722099168629,0.806021950641397,0.0280910146447477,0.861855476369561,0.753096876870891
0.674945589553194,0.80860325182435,0.67405993571341,0.0333385125819982,0.807040962339682,0.0280343789795955,0.86290059212087,0.754003168321012
0.676865958263987,0.810651645115862,0.675970582647696,0.0332874376110558,0.809078985736254,0.0279201953008774,0.864685518317634,0.75557597594782
0.679426449878377,0.812059915503777,0.67851811189341,0.0332183456776499,0.810480126821397,0.0278409820433962,0.866102417909558,0.758236170822617
0.681858916912047,0.81372423505313,0.680938264676838,0.0331516523538061,0.812136020831111,0.0277466106778568,0.867594317505407,0.760450257027494
0.684419408526437,0.815004480860325,0.683485793922552,0.0330803303306613,0.813409785453968,0.0276734552672083,0.868987396041719,0.76291890589341
0.68621175265651,0.817821021636154,0.685269064394552,0.033029718425813,0.816212067624253,0.0275107723770443,0.86980975872103,0.76452256369715
0.6887722442709,0.820381513250544,0.687816593640266,0.0329564291973711,0.818759596869967,0.0273607722838299,0.870780251827202,0.766522082807964
0.691716809627449,0.822813980284215,0.690746252272837,0.0328707026634545,0.821179749653395,0.0272163826897461,0.872736930334698,0.768367044843114
0.694789399564716,0.826782742286519,0.693803287367694,0.0327795894742575,0.825128419984252,0.0269767691786171,0.87476202275578,0.769863099432533
0.697349891179106,0.828831135578031,0.696350816613408,0.0327023571744396,0.827166443380823,0.0268511051190244,0.876643371657451,0.771204113102655
0.699654333632057,0.83151965177314,0.698643592934551,0.0326318266102171,0.829841349088823,0.0266840710916174,0.877856974539807,0.772616761654257
0.701702726923569,0.833440020483933,0.700681616331122,0.0325683150846339,0.831751996023109,0.02656327892755,0.879740085731716,0.774177965769294
0.704519267699398,0.835872487517603,0.703483898501408,0.0324797215320836,0.834172148806537,0.0264084727089831,0.881352400053746,0.776373447220873
0.706951734733069,0.837792856228396,0.705904051284836,0.0324020216212185,0.836082795740822,0.0262848123837233,0.883195375564336,0.777793140602598
0.70925617718602,0.840225323262066,0.708196827605979,0.0323273885383094,0.838502948524251,0.0261263151703962,0.884755961602926,0.779930601163562
0.712584816284727,0.842273716553578,0.711508615625407,0.0322178143270026,0.840540971920822,0.0259912048637169,0.886682510464344,0.782503056279008
0.715273332479836,0.844194085264371,0.714183521333406,0.0321277712060208,0.842451618855108,0.0258631558195103,0.889130436197143,0.784440325726661
0.718217897836385,0.845730380233005,0.717113179965978,0.0320275578492619,0.843980136402536,0.0257597391301767,0.890766583119251,0.786672464463422
0.721546536935092,0.847138650620919,0.720424967985406,0.0319122464231089,0.845381277487679,0.025664167506778,0.892396000617533,0.791019359308356
0.723979003968762,0.849187043912431,0.722845120768834,0.0318266073116732,0.84741930088425,0.0255238168110365,0.89501357148436,0.793267358281939
0.726795544744591,0.851235437203943,0.72564740293912,0.0317259839088825,0.849457324280821,0.0253818574421519,0.896424507003656,0.796830634825965
0.729099987197542,0.853155805914736,0.727940179260262,0.0316424784501168,0.851367971215107,0.0252472854049795,0.897130085748958,0.799340486917665
0.731916527973371,0.854820125464089,0.730742461430548,0.0315389642763174,0.853023865224821,0.0251294755015087,0.89872181337851,0.80247569953659
0.733836896684163,0.85712456791704,0.732653108364833,0.0314674631875365,0.855316641545963,0.0249645137197532,0.899791178584783,0.8045746870164
0.736781462040712,0.858660862885674,0.735582766997404,0.0313563610214683,0.856845159093392,0.0248533330355037,0.901401794536524,0.807402293090196
0.738701830751504,0.860581231596466,0.73749341393169,0.031282938410688,0.858755806027677,0.0247129773666103,0.902456839316498,0.809092228261469
0.741518371527333,0.862629624887978,0.740295696101975,0.0311738613128681,0.860793829424248,0.0245615471051458,0.904765199308323,0.812110972779636
0.744590961464601,0.864549993598771,0.743352731196832,0.0310529636924547,0.862704476358534,0.0244179423245759,0.906790370835542,0.814296162079652
0.746511330175394,0.866854436051722,0.745263378131118,0.0309763835441183,0.864997252679677,0.0242434824866024,0.907766370240475,0.815761966919032
0.749455895531942,0.868646780181795,0.748193036763689,0.0308574224280098,0.866780523151676,0.0241061515334731,0.909468205493329,0.817673793383087
0.753168608372808,0.870695173473307,0.751886954169974,0.0307047439029578,0.868818546548248,0.0239474102291555,0.912115896137648,0.819506280900346
0.755345026245039,0.874023812572014,0.754052354028831,0.0306138343250528,0.872130334567676,0.0236852837928174,0.913017654355919,0.821317535696295
0.759441812828063,0.875304058379209,0.758128400821973,0.0304398477467419,0.873404099190533,0.0235830600696942,0.916140087914493,0.824774416401431
0.763410574830367,0.877864549993599,0.76207707115283,0.0302676813353221,0.875951628436247,0.0233762122047153,0.918671867227428,0.827760082338372
0.766483164767635,0.879784918704391,0.765134106247687,0.0301319074509855,0.877862275370532,0.0232189337985024,0.920186269215792,0.830941752716613
0.769939828447062,0.881961336576623,0.768573270729401,0.0299765307486441,0.880027675229389,0.0230384123829549,0.92287410467956,0.833816116597905
0.772628344642171,0.885033926513891,0.771248176437401,0.0298537294634386,0.883084710324246,0.0227793404695531,0.924479080960357,0.836052309618235
0.775700934579439,0.886698246063244,0.774305211532257,0.0297112632834664,0.88474060433396,0.0226368948754696,0.925508700115308,0.838216231430524
0.779925745743183,0.889514786839073,0.778508634787686,0.0295116186279055,0.887542886504246,0.0223923496743736,0.927551539635551,0.842304133015002
0.782486237357573,0.891819229292024,0.7810561640334,0.0293884730603436,0.889835662825388,0.0221889234375613,0.928672780238125,0.843918586353335
0.78568685187556,0.893355524260658,0.784240575590542,0.0292322231087656,0.891364180372817,0.0220515895819708,0.930042785679973,0.847711808676097
0.787863269747792,0.895659966713609,0.786405975449399,0.0291244824254295,0.893656956693959,0.0218429495040007,0.931163514692943,0.84905855406187
0.79093585968506,0.898348482908718,0.789463010544256,0.0289702938408046,0.896331862401959,0.0215954233668892,0.933148860460698,0.850473629971404
0.795160670848803,0.900652925361669,0.793666433799684,0.0287542345773798,0.898624638723102,0.0213796221451914,0.935303154003888,0.853511018383895
0.797977211624632,0.903341441556779,0.796468715969969,0.0286075427433578,0.901299544431101,0.0211234676435374,0.937082481324616,0.855502545952634
0.80092177698118,0.90551785942901,0.79939837460254,0.0284518729711543,0.903464944289958,0.0209125316350622,0.938972925602911,0.85809186635279
0.805146588144924,0.907182178978364,0.803601797857969,0.0282243186483572,0.905120838299672,0.0207490049839612,0.941451919649648,0.861847846578699
0.807963128920753,0.908974523108437,0.806404080028254,0.0280698117195678,0.906904108771672,0.0205706871812258,0.942728302045253,0.863920648315657
0.811675841761618,0.910894891819229,0.810097997434539,0.027862643548424,0.908814755705958,0.0203770197677405,0.943955052752806,0.867289831027244
0.815004480860325,0.912559211368583,0.813409785453968,0.0276734552672083,0.910470649715672,0.0202069298250763,0.944988635103417,0.869277925962203
0.817692997055435,0.914863653821534,0.816084691161967,0.0275182194185333,0.912763426036815,0.0199678755935304,0.945787607431559,0.872371979856528
0.8214057098963,0.916912047113046,0.819778608568253,0.0273002027998799,0.914801449433386,0.0197518175088629,0.947067398932055,0.87558281269672
0.824478299833568,0.919216489565997,0.822835643663109,0.0271165135939332,0.917094225754528,0.0195045966455574,0.94811287664859,0.877703038107929
0.827806938932275,0.921776981180387,0.826147431682538,0.0269141086465216,0.919641755000242,0.0192245470697991,0.949241508753729,0.881093696459084
0.830623479708104,0.923953399052618,0.828949713852823,0.0267400163134932,0.921807154859099,0.01898188912348,0.950224128422525,0.883055545856219
0.83420816796825,0.92600179234413,0.832516254796823,0.0265146118280613,0.92384517825567,0.0187494743618398,0.952208972124873,0.884883118094483
0.83932915119703,0.928050185635642,0.837611313288251,0.0261849529157092,0.925883201652242,0.0185130006972794,0.95408688513851,0.888226910544567
0.843938036102932,0.929714505184996,0.842196865930536,0.025880307099252,0.927539095661956,0.0183177687348195,0.95557162854428,0.891382719794042
0.848162847266675,0.931506849315068,0.846400289185964,0.0255941915819153,0.929322366133956,0.0181043029001928,0.956780750353822,0.894609618132738
0.852515683011138,0.933299193445141,0.850731088903678,0.0252923039092243,0.931105636605955,0.0178873853318057,0.958120504124189,0.89829796596435
0.856100371271284,0.934835488413775,0.854297629847678,0.0250380961333954,0.932634154153384,0.0176986125400766,0.959148788309151,0.901549765012512
0.858916912047113,0.936883881705287,0.857099912017963,0.0248347079920632,0.934672177549955,0.0174426778420787,0.960404212548447,0.903783541677263
0.86224555114582,0.938420176673921,0.860411700037391,0.0245900767789143,0.936200695097384,0.0172474306827267,0.961519252464788,0.905754767522503
0.866598386890283,0.940340545384714,0.864742499755105,0.0242629833006795,0.938111342031669,0.0169992352455384,0.963439784918879,0.907779366015902
0.871207271796185,0.941876840353348,0.86932805239739,0.0239074220904927,0.939639859579097,0.0167972425750341,0.964839346321238,0.909858927140215
0.875304058379209,0.943669184483421,0.873404099190533,0.0235830600696942,0.941423130051097,0.0165575630397628,0.966070110935861,0.911917880424854
0.878632697477916,0.944309307387018,0.876715887209961,0.0233135237768,0.942060012362526,0.0164708799176906,0.967213521779573,0.913577277337535
0.880553066188708,0.945973626936372,0.878626534144247,0.0231554987137999,0.94371590637224,0.0162427443847427,0.967902786672113,0.914567858705774
0.884265779029574,0.947253872743567,0.882320451550532,0.0228445790374047,0.944989670995097,0.0160644601676804,0.96875545818385,0.917446339874289
0.887722442709,0.949430290615798,0.885759616032246,0.0225484812445218,0.947155070853954,0.0157555456199163,0.969388546288508,0.919361899642188
0.890923057226988,0.950838561003713,0.888944027589388,0.0222683971949157,0.948556211939096,0.0155515729381354,0.970089413911205,0.92107896932377
0.89527589297145,0.952374855972347,0.893274827307102,0.0218779459278146,0.950084729486525,0.0153252181627575,0.97145166683087,0.922863836480314
0.898604532070157,0.953783126360261,0.89658661532653,0.0215716132969084,0.951485870571668,0.0151140577595222,0.973285340209183,0.92464958928326
0.902445269491742,0.955575470490334,0.900407909195101,0.02120938695347,0.953269141043667,0.0148399900385007,0.974152196130482,0.925996009603018
0.905773908590449,0.956471642555371,0.90371969721453,0.0208875004942239,0.954160776279667,0.0147006275357628,0.975091203891182,0.928304845454537
0.910126744334912,0.957495839201127,0.908050496932243,0.0204548157455369,0.955179787977953,0.0145393798659664,0.9771840902518,0.931196734677327
0.914735629240814,0.95916015875048,0.912636049574529,0.0199812665347844,0.956835681987667,0.0142726782487718,0.979443064605659,0.933638664081164
0.919088464985277,0.962360773268468,0.916966849292243,0.0195184492381833,0.96002009354481,0.0137424003056805,0.981564341559227,0.935732687481506
0.92344130072974,0.963128920752785,0.921297649009956,0.0190393760863147,0.960784352318524,0.0136114960290869,0.983020327044707,0.938239035529888
0.927025988989886,0.965433363205735,0.924864189953956,0.0186317544894061,0.963077128639666,0.0132096530741854,0.984853063504759,0.939537960072543
0.931762898476508,0.968633977723723,0.929577119058527,0.0180735288840797,0.966261540196809,0.012626832392865,0.98739248539686,0.941141538593716
0.937011906286007,0.972218665983869,0.934799554012241,0.0174265168535095,0.969828081140809,0.0119352160423599,0.990038667806218,0.944658756858343
0.94123671744975,0.974139034694661,0.939002977267669,0.0168817854867593,0.971738728075094,0.0115453748268404,0.991376712738994,0.946862816024872
0.945717577774933,0.977851747535527,0.943461153447668,0.0162781060557152,0.975432645481379,0.0107467754375163,0.992707696684194,0.949837798173522
0.952758929714505,0.983228779925746,0.950466858873382,0.0152679834778896,0.980782456897379,0.00945854511298007,0.994740275334912,0.956255639096893
0.962360773268468,0.987837664831648,0.96002009354481,0.0137424003056805,0.985368009539664,0.00818056222260912,0.997397445821814,0.964996796960636
0.973754960952503,0.993726795544745,0.971356598688237,0.0116245168626722,0.991227326804806,0.00614865221370562,0.99824240632095,0.975430139868782
1,1,0.997468773456806,0.00253122654319426,0.997468773456806,0.00253122654319426,1,0.993471232280396
